<?xml version="1.0" encoding="UTF-8"?>
<metadata><idinfo><citation><citeinfo><origin>U.S. Department of Commerce, U.S. Census Bureau, Geography Division</origin><pubdate>2010</pubdate><title>TIGER/Line Shapefile, 2010, 2010 county, Los Angeles County, CA, 2010 Census  Census Tract County-based</title><edition>2010</edition><geoform>vector digital data</geoform><onlink>http://www.census.gov/geo/www/tiger</onlink></citeinfo></citation><descript><abstract>The TIGER/Line Files are shapefiles and related database files (.dbf) that are an extract of selected geographic and cartographic information from the U.S. Census Bureau's Master Address File / Topologically Integrated Geographic Encoding and Referencing (MAF/TIGER) Database (MTDB).  The MTDB represents a seamless national file with no overlaps or gaps between parts, however, each TIGER/Line File is designed to stand alone as an independent data set, or they can be combined to cover the entire nation.  Census tracts are small, relatively permanent statistical subdivisions of a county or equivalent entity, and were defined by local participants as part of the 2010 Census Participant Statistical Areas Program.  The Census Bureau delineated the census tracts in situations where no local participant existed or where all the potential participants declined to participate.  The primary purpose of census tracts is to provide a stable set of geographic units for the presentation of census data and comparison back to previous decennial censuses.  Census tracts generally have a population size between 1,200 and 8,000 people, with an optimum size of 4,000 people.  When first delineated, census tracts were designed to be homogeneous with respect to population characteristics, economic status, and living conditions.  The spatial size of census tracts varies widely depending on the density of settlement.  Physical changes in street patterns caused by highway construction, new development, and so forth, may require boundary revisions.  In addition, census tracts occasionally are split due to population growth, or combined as a result of substantial population decline.  Census tract boundaries generally follow visible and identifiable features.  They may follow legal boundaries such as minor civil division (MCD) or incorporated place boundaries in some States and situations to allow for census tract-to-governmental unit relationships where the governmental boundaries tend to remain unchanged between censuses.  State and county boundaries always are census tract boundaries in the standard census geographic hierarchy.  In a few rare instances, a census tract may consist of noncontiguous areas.  These noncontiguous areas may occur where the census tracts are coextensive with all or parts of legal entities that are themselves noncontiguous.  For the 2010 Census, the census tract code range of 9400 through 9499 was enforced for census tracts that include a majority American Indian population according to Census 2000 data and/or their area was primarily covered by federally recognized American Indian reservations and/or off-reservation trust lands; the code range 9800 through 9899 was enforced for those census tracts that contained little or no population and represented a relatively large special land use area such as a National Park, military installation, or a business/industrial park; and the code range 9900 through 9998 was enforced for those census tracts that contained only water area, no land area.  
</abstract><purpose>In order for others to use the information in the Census MAF/TIGER database in a geographic information system (GIS) or for other geographic applications, the Census Bureau releases to the public extracts of the database in the form of TIGER/Line Shapefiles.</purpose><Subject_Entity>Los Angeles, CA, (06037)</Subject_Entity></descript><timeperd><timeinfo><rngdates><begdate>201001</begdate><enddate>201007</enddate></rngdates></timeinfo><current>Publication Date</current></timeperd><status><progress>Complete</progress><update>TIGER/Line Shapefiles are extracted from the Census MAF/TIGER database.  No changes or updates will be made to this version of the TIGER/Line Shapefiles.  Future releases of TIGER/Line Shapefiles will reflect updates made to the Census MAF/TIGER database.</update></status><spdom><bounding><westbc>-118.951721</westbc><eastbc>-117.646374</eastbc><northbc>34.823302</northbc><southbc>32.75004</southbc></bounding></spdom><keywords><theme><themekt>ISO 19115 Topic Categories</themekt><themekey>boundaries</themekey></theme><theme><themekt>None</themekt><themekey>County or equivalent entity</themekey><themekey>Polygon</themekey><themekey>Census Tract</themekey><themekey>Tract</themekey></theme><place><placekt>INCITS.38-200x (R2004),INCITS.31-200x (R2007),INCITS.454-200x,INCITS 455-200x,INCITS 446-2008</placekt><placekey>United States</placekey><placekey>U.S.</placekey><placekey>County or Equivalent Entity</placekey><placekey>Los Angeles</placekey><placekey>06037</placekey></place></keywords><accconst>None</accconst><useconst>The TIGER/Line Shapefile products are not copyrighted however TIGER/Line and Census TIGER are registered trademarks of the U.S. Census Bureau.  These products are free to use in a product or publication, however acknowledgement must be given to the U.S. Census Bureau as the source.
The boundary information in the TIGER/Line Shapefiles are for statistical data collection and tabulation purposes only; their depiction and designation for statistical purposes does not constitute a determination of jurisdictional authority or rights of ownership or entitlement and they are not legal land descriptions.Coordinates in the TIGER/Line shapefiles have six implied decimal places, but the positional accuracy of these coordinates is not as great as the six decimal places suggest.</useconst><Title_13_Restrictions>Yes, the data are free from Title 13 restrictions</Title_13_Restrictions><ptcontac><cntinfo><cntorgp><cntorg>U.S. Department of Commerce, U.S. Census Bureau, Geography Division, Geographic Products Branch</cntorg></cntorgp><cntaddr><addrtype>Mailing address</addrtype><address>4600 Silver Hill Road, Stop 7400</address><city>Washington</city><state>DC</state><postal>20233-7400</postal><country>United States</country></cntaddr><cntvoice>301-763-1128</cntvoice><cntfax>301-763-4710</cntfax><cntemail>geo.tiger@census.gov</cntemail></cntinfo></ptcontac></idinfo><Data_Set_Character_Set>8859part1</Data_Set_Character_Set><Data_Set_Language>eng</Data_Set_Language><dataqual><attracc><attraccr>Accurate against Federal Information Processing Standards (FIPS), FIPS Publication 6-4, and FIPS-55 at the 100% level for the codes and base names.  The remaining attribute information has been examined but has not been fully tested for accuracy.</attraccr></attracc><logic>The Census Bureau performed automated tests to ensure logical consistency and limits of shapefiles.  Segments making up the outer and inner boundaries of a polygon tie end-to-end to completely enclose the area.  All polygons are tested for closure.
The Census Bureau uses its internally developed geographic update system to enhance and modify spatial and attribute data in the Census MAF/TIGER database.  Standard geographic codes, such as FIPS codes for states, counties, municipalities, county subdivisions, places, American Indian/Alaska Native/Native Hawaiian areas, and congressional districts are used when encoding spatial entities.  The Census Bureau performed spatial data tests for logical consistency of the codes during the compilation of the original Census MAF/TIGER database files.  Most of the codes for geographic entities except states, counties, urban areas, Core Based Statistical Areas (CBSAs), American Indian Areas (AIAs), and congressional districts were provided to the Census Bureau by the USGS, the agency responsible for maintaining FIPS 55.  Feature attribute information has been examined but has not been fully tested for consistency.
For the TIGER/Line Shapefiles, the Point and Vector Object Count for the G-polygon SDTS Point and Vector Object Type reflects the number of records in the shapefile attribute table.  For multi-polygon features, only one attribute record exists for each multi-polygon rather than one attribute record per individual G-polygon component of the multi-polygon feature.  TIGER/Line Shapefile multi-polygons are an exception to the G-polygon object type classification.  Therefore, when multi-polygons exist in a shapefile, the object count will be less than the actual number of G-polygons.</logic><complete>Data completeness of the TIGER/Line Shapefiles reflects the contents of the Census MAF/TIGER database at the time the TIGER/Line Shapefiles were created.</complete><lineage><srcinfo><srccite><citeinfo><origin>U.S. Department of Commerce, U.S. Census Bureau, Geography Division</origin><pubdate>Unpublished material</pubdate><title>Census MAF/TIGER database</title></citeinfo></srccite><typesrc>online</typesrc><srctime><timeinfo><rngdates><begdate>201001</begdate><enddate>201007</enddate></rngdates></timeinfo><srccurr>Publication Date</srccurr></srctime><srccitea>MAF/TIGER</srccitea><srccontr>The selected geographic and cartographic information (line segments) are derived from the U.S. Census Bureau's Master Address File Topologically Integrated Geographic Encoding and Referencing (MAF/TIGER) database.</srccontr></srcinfo><procstep><procdesc>TIGER/Line Shapefiles are extracted from the Census MAF/TIGER database by nation, state, county, and entity.  Census MAF/TIGER data for all of the aforementioned geographic entities are then distributed among the shapefiles each containing attributes for line, polygon, or landmark geographic data. </procdesc><srcused>Census MAF/TIGER</srcused><procdate>2010</procdate></procstep></lineage></dataqual><spdoinfo><indspref>Federal Information Processing Standards (FIPS), ANSI, and feature names.</indspref><direct>Vector</direct><ptvctinf><esriterm Name="eGIS_Demographic.EGIS.CENSUS_TRACTS_2010"><efeatyp Sync="TRUE">Simple</efeatyp><efeageom code="4" Sync="TRUE"/><esritopo Sync="TRUE">FALSE</esritopo><efeacnt Sync="TRUE">2344</efeacnt><spindex Sync="TRUE">TRUE</spindex><linrefer Sync="TRUE">FALSE</linrefer></esriterm></ptvctinf></spdoinfo><spref><horizsys><geodetic><horizdn>North American Datum of 1983 in the 48 contiguous states, the District of Columbia, Alaska, Hawaii, Puerto Rico, the Virgin Islands of the United States, and the Pacific Island Areas.</horizdn><ellips>Geodetic Reference System 80</ellips><semiaxis>6378137</semiaxis><denflat>298257</denflat></geodetic></horizsys></spref><eainfo><detailed Name="eGIS_Demographic.EGIS.CENSUS_TRACTS_2010"><enttyp><enttypl>TRACT10.shp</enttypl><enttypd>2010 Census Census Tract County-based</enttypd><enttypds>U.S. Census Bureau</enttypds><enttypt Sync="TRUE">Feature Class</enttypt><enttypc Sync="TRUE">2344</enttypc></enttyp><attr><attrlabl Sync="TRUE">OBJECTID</attrlabl><attalias Sync="TRUE">OBJECTID_1</attalias><attrtype Sync="TRUE">OID</attrtype><attwidth Sync="TRUE">4</attwidth><atprecis Sync="TRUE">10</atprecis><attscale Sync="TRUE">0</attscale><attrdef Sync="TRUE">Internal feature number.</attrdef><attrdefs Sync="TRUE">ESRI</attrdefs><attrdomv><udom Sync="TRUE">Sequential unique whole numbers that are automatically generated.</udom></attrdomv></attr><attr><attrlabl Sync="TRUE">Shape</attrlabl><attalias Sync="TRUE">Shape</attalias><attrtype Sync="TRUE">Geometry</attrtype><attwidth Sync="TRUE">4</attwidth><atprecis Sync="TRUE">0</atprecis><attscale Sync="TRUE">0</attscale><attrdef Sync="TRUE">Feature geometry.</attrdef><attrdefs Sync="TRUE">ESRI</attrdefs><attrdomv><udom Sync="TRUE">Coordinates defining the features.</udom></attrdomv></attr><attr><attrlabl>GEOID10</attrlabl><attrdef>Census tract identifier; a concatenation of 2010 Census state
                 FIPS code, county FIPS code, and census tract code</attrdef><attrdefs>U.S. Census Bureau</attrdefs><attrdomv><codesetd><codesetn>INCITS.38-200x (R2004), Codes for the Identification of
                      the States, the District of Columbia, Puerto Rico, and the
                      Insular Areas of the United States (Formerly FIPS 5-2),
                      INCITS.31-200x (R2007), Codes for the Identification of
                      the Counties and Equivalent Areas of the United States,
                      Puerto Rico, and the Insular Areas of the United States
                      (Formerly FIPS 6-4), and the census tract code found in
                      TRACTCE10</codesetn><codesets>U.S. Census Bureau</codesets></codesetd></attrdomv><attalias Sync="TRUE">GEOID10</attalias><attrtype Sync="TRUE">String</attrtype><attwidth Sync="TRUE">11</attwidth><atprecis Sync="TRUE">0</atprecis><attscale Sync="TRUE">0</attscale></attr><attr><attrlabl Sync="TRUE">CT10</attrlabl><attalias Sync="TRUE">CT10</attalias><attrtype Sync="TRUE">String</attrtype><attwidth Sync="TRUE">6</attwidth><atprecis Sync="TRUE">0</atprecis><attscale Sync="TRUE">0</attscale></attr><attr><attrlabl Sync="TRUE">X_Center</attrlabl><attalias Sync="TRUE">X_Center</attalias><attrtype Sync="TRUE">Double</attrtype><attwidth Sync="TRUE">8</attwidth><atprecis Sync="TRUE">38</atprecis><attscale Sync="TRUE">8</attscale></attr><attr><attrlabl Sync="TRUE">Y_Center</attrlabl><attalias Sync="TRUE">Y_Center</attalias><attrtype Sync="TRUE">Double</attrtype><attwidth Sync="TRUE">8</attwidth><atprecis Sync="TRUE">38</atprecis><attscale Sync="TRUE">8</attscale></attr><attr><attrlabl Sync="TRUE">LABEL</attrlabl><attalias Sync="TRUE">LABEL</attalias><attrtype Sync="TRUE">String</attrtype><attwidth Sync="TRUE">7</attwidth><atprecis Sync="TRUE">0</atprecis><attscale Sync="TRUE">0</attscale></attr><attr><attrlabl Sync="TRUE">Shape.STArea()</attrlabl><attalias Sync="TRUE">Shape.STArea()</attalias><attrtype Sync="TRUE">Double</attrtype><attwidth Sync="TRUE">0</attwidth><atprecis Sync="TRUE">0</atprecis><attscale Sync="TRUE">0</attscale></attr><attr><attrlabl Sync="TRUE">Shape.STLength()</attrlabl><attalias Sync="TRUE">Shape.STLength()</attalias><attrtype Sync="TRUE">Double</attrtype><attwidth Sync="TRUE">0</attwidth><atprecis Sync="TRUE">0</atprecis><attscale Sync="TRUE">0</attscale></attr></detailed></eainfo><distinfo><distrib><cntinfo><cntorgp><cntorg>U.S. Department of Commerce, U.S. Census Bureau, Geography Division, Geographic Products Branch</cntorg></cntorgp><cntaddr><addrtype>Mailing address</addrtype><address>4600 Silver Hill Road, Stop 7400</address><city>Washington</city><state>DC</state><postal>20233-7400</postal><country>United States</country></cntaddr><cntvoice>301-763-1128</cntvoice><cntfax>301-763-4710</cntfax><cntemail>geo.tiger@census.gov</cntemail></cntinfo></distrib><distliab>No warranty, expressed or implied is made with regard to the accuracy of these data, and no liability is assumed by the U.S. Government in general or the U.S. Census Bureau in specific as to the spatial or attribute accuracy of the data.  The act of distribution shall not constitute any such warranty and no responsibility is assumed by the U.S. government in the use of these files.  The boundary information in the TIGER/Line Shapefiles is for statistical data collection and tabulation purposes only; their depiction and designation for statistical purposes do not constitute a determination of jurisdictional authority or rights of ownership or entitlement and they are not legal land descriptions.</distliab><stdorder><digform><digtinfo><formname>TGRSHP (compressed)</formname><filedec>PK-ZIP, version 1.93 A or higher</filedec></digtinfo><digtopt><onlinopt><computer><networka><networkr>http://www.census.gov/geo/www/tiger</networkr></networka></computer></onlinopt><offoptn><offmedia>DVD-ROM (Only if offered offline)</offmedia><recfmt>ISO 9660</recfmt></offoptn></digtopt></digform><fees>The online copy of the TIGER/Line files may be accessed without charge.</fees><ordering>To obtain more information about ordering TIGER/Line shapefiles visit http://www.census.gov/geo/www/tiger </ordering></stdorder><techpreq>The TIGER/Line shapefiles contain geographic data only and do not include display mapping software or statistical data.  For information on how to use the TIGER/Line shapefile data with specific software package users shall contact the company that produced the software.</techpreq></distinfo><metainfo><metd>20100507</metd><metc><cntinfo><cntorgp><cntorg>U.S. Department of Commerce, U.S. Census Bureau, Geography Division, Geographic Products Branch</cntorg></cntorgp><cntaddr><addrtype>Mailing address</addrtype><address>4600 Silver Hill Road, Stop 7400</address><city>Washington</city><state>DC</state><postal>20233-7400</postal><country>United States</country></cntaddr><cntvoice>301-763-1128</cntvoice><cntfax>301-763-4710</cntfax><cntemail>geo.tiger@census.gov</cntemail></cntinfo></metc><metstdn>FGDC Content Standards for Digital Geospatial Metadata</metstdn><metstdv>FGDC-STD-001-1998</metstdv><Metadata_Character_Set>8859part1</Metadata_Character_Set><Metadata_File_Identifier>tl_2010_06037_tract10.shp.xml</Metadata_File_Identifier><Metadata_Language>eng</Metadata_Language></metainfo><Esri><CreaDate>20170727</CreaDate><CreaTime>14292700</CreaTime><ArcGISFormat>1.0</ArcGISFormat><SyncOnce>FALSE</SyncOnce><DataProperties><itemProps><itemLocation><linkage Sync="TRUE">Server=10.48.150.252; Service=sde:sqlserver:10.48.150.252,8433; Database=eGIS_Demographic; User=eGIS; Version=dbo.DEFAULT</linkage><protocol Sync="TRUE">ArcSDE Connection</protocol></itemLocation><itemName Sync="TRUE">eGIS_Demographic.EGIS.CENSUS_TRACTS_2010</itemName><imsContentType Sync="TRUE">002</imsContentType><itemSize Sync="TRUE">0.000</itemSize><nativeExtBox><westBL Sync="TRUE">6275487.792737</westBL><eastBL Sync="TRUE">6668480.733127</eastBL><southBL Sync="TRUE">1384146.140123</southBL><northBL Sync="TRUE">2122084.403744</northBL><exTypeCode Sync="TRUE">1</exTypeCode></nativeExtBox></itemProps><coordRef><type Sync="TRUE">Projected</type><geogcsn Sync="TRUE">GCS_North_American_1983</geogcsn><peXml Sync="TRUE">&lt;ProjectedCoordinateSystem xsi:type='typens:ProjectedCoordinateSystem' xmlns:xsi='http://www.w3.org/2001/XMLSchema-instance' xmlns:xs='http://www.w3.org/2001/XMLSchema' xmlns:typens='http://www.esri.com/schemas/ArcGIS/10.4'&gt;&lt;WKT&gt;PROJCS[&amp;quot;NAD_1983_StatePlane_California_V_FIPS_0405_Feet&amp;quot;,GEOGCS[&amp;quot;GCS_North_American_1983&amp;quot;,DATUM[&amp;quot;D_North_American_1983&amp;quot;,SPHEROID[&amp;quot;GRS_1980&amp;quot;,6378137.0,298.257222101]],PRIMEM[&amp;quot;Greenwich&amp;quot;,0.0],UNIT[&amp;quot;Degree&amp;quot;,0.0174532925199433]],PROJECTION[&amp;quot;Lambert_Conformal_Conic&amp;quot;],PARAMETER[&amp;quot;False_Easting&amp;quot;,6561666.666666666],PARAMETER[&amp;quot;False_Northing&amp;quot;,1640416.666666667],PARAMETER[&amp;quot;Central_Meridian&amp;quot;,-118.0],PARAMETER[&amp;quot;Standard_Parallel_1&amp;quot;,34.03333333333333],PARAMETER[&amp;quot;Standard_Parallel_2&amp;quot;,35.46666666666667],PARAMETER[&amp;quot;Latitude_Of_Origin&amp;quot;,33.5],UNIT[&amp;quot;Foot_US&amp;quot;,0.3048006096012192],AUTHORITY[&amp;quot;EPSG&amp;quot;,2229]]&lt;/WKT&gt;&lt;XOrigin&gt;-117608900&lt;/XOrigin&gt;&lt;YOrigin&gt;-91881400&lt;/YOrigin&gt;&lt;XYScale&gt;3048.0060960121914&lt;/XYScale&gt;&lt;ZOrigin&gt;0&lt;/ZOrigin&gt;&lt;ZScale&gt;1&lt;/ZScale&gt;&lt;MOrigin&gt;0&lt;/MOrigin&gt;&lt;MScale&gt;1&lt;/MScale&gt;&lt;XYTolerance&gt;0.0032808333333333335&lt;/XYTolerance&gt;&lt;ZTolerance&gt;0.001&lt;/ZTolerance&gt;&lt;MTolerance&gt;0.001&lt;/MTolerance&gt;&lt;HighPrecision&gt;true&lt;/HighPrecision&gt;&lt;WKID&gt;102645&lt;/WKID&gt;&lt;LatestWKID&gt;2229&lt;/LatestWKID&gt;&lt;/ProjectedCoordinateSystem&gt;</peXml><projcsn Sync="TRUE">NAD_1983_StatePlane_California_V_FIPS_0405_Feet</projcsn><csUnits Sync="TRUE">Linear Unit: Foot_US (0.304801)</csUnits></coordRef><lineage><Process ToolSource="C:\Program Files\ArcGIS\Desktop10.0\ArcToolbox\Toolboxes\Analysis Tools.tbx\Clip" Date="20110413" Time="141553" Name="" export="">Clip Tiger10_CensusTract LADRP_County_Bound C:\DRN-1\BOS_ReDistrict_2011\Data_TIGER&amp;City.gdb\Tiger_CT10_Clip "0.001 Inches"</Process><Process ToolSource="C:\Program Files\ArcGIS\Desktop10.0\ArcToolbox\Toolboxes\Data Management Tools.tbx\CopyFeatures" Date="20110513" Time="163945" Name="" export="">CopyFeatures C:\DRN-1\BOS_ReDistrict_2011\Tiger10_DataPortal.gdb\Tiger10_CensusTract_Clip C:\DRN-1\Tiger10_LACO_DataPortal\Tiger10_CensusTract_Clip.shp # 0 0 0</Process><Process ToolSource="C:\Program Files\ArcGIS\Desktop10.0\ArcToolbox\Toolboxes\Data Management Tools.tbx\CalculateField" Date="20110614" Time="095010" Name="" export="">CalculateField Tiger10_CensusTract_Clip CT10 [TRACTCE10] VB #</Process><Process ToolSource="C:\Program Files\ArcGIS\Desktop10.0\ArcToolbox\Toolboxes\Data Management Tools.tbx\CalculateField" Date="20110614" Time="095146" Name="" export="">CalculateField Tiger10_CensusTract_Clip LABEL [NAME10] VB #</Process><Process ToolSource="C:\Program Files\ArcGIS\Desktop10.0\ArcToolbox\Toolboxes\Data Management Tools.tbx\CalculateField" Date="20110624" Time="140440" Name="" export="">CalculateField Tiger10_CensusTract_Clip Label1 "[CT10] /100" VB #</Process><Process ToolSource="C:\Program Files\ArcGIS\Desktop10.0\ArcToolbox\Toolboxes\Data Management Tools.tbx\CalculateField" Date="20110624" Time="141839" Name="" export="">CalculateField Tiger10_CensusTract_Clip Label1 [LABEL] VB #</Process><Process ToolSource="C:\Program Files\ArcGIS\Desktop10.0\ArcToolbox\Toolboxes\Data Management Tools.tbx\CalculateField" Date="20110624" Time="141932" Name="" export="">CalculateField Tiger10_CensusTract_Clip Label2 [LABEL] VB #</Process><Process ToolSource="C:\Program Files\ArcGIS\Desktop10.0\ArcToolbox\Toolboxes\Data Management Tools.tbx\CalculateField" Date="20110624" Time="142339" Name="" export="">CalculateField Tiger10_CensusTract_Clip Label2 "[LABEL] mod 100=0" VB #</Process><Process ToolSource="C:\Program Files\ArcGIS\Desktop10.0\ArcToolbox\Toolboxes\Data Management Tools.tbx\CalculateField" Date="20110624" Time="142407" Name="" export="">CalculateField Tiger10_CensusTract_Clip Label2 "[LABEL] " VB #</Process><Process ToolSource="C:\Program Files\ArcGIS\Desktop10.0\ArcToolbox\Toolboxes\Data Management Tools.tbx\CalculateField" Date="20110624" Time="142632" Name="" export="">CalculateField Tiger10_CensusTract_Clip Label2 Right( [NAME10], 4 ) VB #</Process><Process ToolSource="C:\Program Files\ArcGIS\Desktop10.0\ArcToolbox\Toolboxes\Data Management Tools.tbx\CalculateField" Date="20110624" Time="143044" Name="" export="">CalculateField Tiger10_CensusTract_Clip Label2 [LABEL]&amp;"."&amp;"00" VB #</Process><Process ToolSource="C:\Program Files\ArcGIS\Desktop10.0\ArcToolbox\Toolboxes\Data Management Tools.tbx\CalculateField" Date="20110624" Time="143119" Name="" export="">CalculateField Tiger10_CensusTract_Clip LABEL [LABEL]&amp;"."&amp;"00" VB #</Process><Process ToolSource="C:\Program Files\ArcGIS\Desktop10.0\ArcToolbox\Toolboxes\Data Management Tools.tbx\CalculateField" Date="20110624" Time="143156" Name="" export="">CalculateField Tiger10_CensusTract_Clip LABEL [LABEL]&amp;"."&amp;"00" VB #</Process><Process ToolSource="C:\Program Files\ArcGIS\Desktop10.0\ArcToolbox\Toolboxes\Data Management Tools.tbx\CalculateField" Date="20110624" Time="143218" Name="" export="">CalculateField Tiger10_CensusTract_Clip LABEL [LABEL]&amp;"."&amp;"00" VB #</Process><Process ToolSource="C:\Program Files\ArcGIS\Desktop10.0\ArcToolbox\Toolboxes\Data Management Tools.tbx\CalculateField" Date="20110624" Time="143253" Name="" export="">CalculateField Tiger10_CensusTract_Clip LABEL [LABEL]&amp;"."&amp;"00" VB #</Process><Process ToolSource="C:\Program Files\ArcGIS\Desktop10.0\ArcToolbox\Toolboxes\Data Management Tools.tbx\CalculateField" Date="20110624" Time="143328" Name="" export="">CalculateField Tiger10_CensusTract_Clip LABEL [LABEL]&amp;"."&amp;"00" VB #</Process><Process ToolSource="C:\Program Files\ArcGIS\Desktop10.0\ArcToolbox\Toolboxes\Data Management Tools.tbx\CalculateField" Date="20110624" Time="143355" Name="" export="">CalculateField Tiger10_CensusTract_Clip LABEL [LABEL]&amp;"."&amp;"00" VB #</Process><Process ToolSource="C:\Program Files\ArcGIS\Desktop10.0\ArcToolbox\Toolboxes\Data Management Tools.tbx\CalculateField" Date="20110624" Time="143430" Name="" export="">CalculateField Tiger10_CensusTract_Clip LABEL [LABEL]&amp;"."&amp;"00" VB #</Process><Process ToolSource="C:\Program Files\ArcGIS\Desktop10.0\ArcToolbox\Toolboxes\Data Management Tools.tbx\DefineProjection" Date="20110624" Time="150713" Name="" export="">DefineProjection Tiger10_CensusTract_Clip GEOGCS['GCS_North_American_1983',DATUM['D_North_American_1983',SPHEROID['GRS_1980',6378137.0,298.257222101]],PRIMEM['Greenwich',0.0],UNIT['Degree',0.0174532925199433]]</Process><Process ToolSource="C:\Program Files\ArcGIS\Desktop10.0\ArcToolbox\Toolboxes\Data Management Tools.tbx\Project" Date="20110624" Time="150904" Name="" export="">Project Tiger10_CensusTract_Clip C:\DRN-1\GIS_eGIS\Tiger10_CensusTract_Clip_Prj.shp PROJCS['NAD_1983_StatePlane_California_V_FIPS_0405_Feet',GEOGCS['GCS_North_American_1983',DATUM['D_North_American_1983',SPHEROID['GRS_1980',6378137.0,298.257222101]],PRIMEM['Greenwich',0.0],UNIT['Degree',0.0174532925199433]],PROJECTION['Lambert_Conformal_Conic'],PARAMETER['False_Easting',6561666.666666666],PARAMETER['False_Northing',1640416.666666667],PARAMETER['Central_Meridian',-118.0],PARAMETER['Standard_Parallel_1',34.03333333333333],PARAMETER['Standard_Parallel_2',35.46666666666667],PARAMETER['Latitude_Of_Origin',33.5],UNIT['Foot_US',0.3048006096012192]] # GEOGCS['GCS_North_American_1983',DATUM['D_North_American_1983',SPHEROID['GRS_1980',6378137.0,298.257222101]],PRIMEM['Greenwich',0.0],UNIT['Degree',0.0174532925199433]]</Process><Process ToolSource="C:\Program Files\ArcGIS\Desktop10.0\ArcToolbox\Toolboxes\Conversion Tools.tbx\FeatureClassToFeatureClass" Date="20110624" Time="153414" Name="" export="">FeatureClassToFeatureClass C:\DRN-1\GIS_eGIS\Tiger10_CensusTract_Clip_Prj1.shp "Database Connections\eGIS to gisdb1.sde\eGIS.EGIS.DEMOGRAPHIC" CENSUS_TRACTS_2010 # "GEOID10 "GEOID10" true true false 11 Text 0 0 ,First,#,C:\DRN-1\GIS_eGIS\Tiger10_CensusTract_Clip_Prj1.shp,GEOID10,-1,-1;INTPTLAT10 "INTPTLAT10" true true false 11 Text 0 0 ,First,#,C:\DRN-1\GIS_eGIS\Tiger10_CensusTract_Clip_Prj1.shp,INTPTLAT10,-1,-1;INTPTLON10 "INTPTLON10" true true false 12 Text 0 0 ,First,#,C:\DRN-1\GIS_eGIS\Tiger10_CensusTract_Clip_Prj1.shp,INTPTLON10,-1,-1;CT10 "CT10" true true false 6 Text 0 0 ,First,#,C:\DRN-1\GIS_eGIS\Tiger10_CensusTract_Clip_Prj1.shp,CT10,-1,-1;X "X" true true false 16 Double 0 16 ,First,#,C:\DRN-1\GIS_eGIS\Tiger10_CensusTract_Clip_Prj1.shp,X,-1,-1;Y "Y" true true false 16 Double 0 16 ,First,#,C:\DRN-1\GIS_eGIS\Tiger10_CensusTract_Clip_Prj1.shp,Y,-1,-1;LABEL "LABEL" true true false 7 Text 0 0 ,First,#,C:\DRN-1\GIS_eGIS\Tiger10_CensusTract_Clip_Prj1.shp,LABEL,-1,-1" #</Process><Process ToolSource="C:\Program Files\ArcGIS\Desktop10.0\ArcToolbox\Toolboxes\Data Management Tools.tbx\CalculateField" Date="20110628" Time="130713" Name="" export="">CalculateField eGIS.EGIS.CENSUS_TRACTS_2010 X_Center [X] VB #</Process><Process ToolSource="C:\Program Files\ArcGIS\Desktop10.0\ArcToolbox\Toolboxes\Data Management Tools.tbx\CalculateField" Date="20110628" Time="130758" Name="" export="">CalculateField eGIS.EGIS.CENSUS_TRACTS_2010 Y_Center [Y] VB #</Process><Process ToolSource="C:\Program Files\ArcGIS\Desktop10.0\ArcToolbox\Toolboxes\Conversion Tools.tbx\FeatureClassToFeatureClass" Date="20110718" Time="133402" Name="" export="">FeatureClassToFeatureClass "C:\DRN-1\GIS_eGIS\Data\New File Geodatabase.gdb\Export_Output" "Database Connections\eGIS to gisdb1.sde\eGIS.EGIS.DEMOGRAPHIC" CENSUS_TRACTS_2010 # "OBJECTID "OBJECTID" true true false 8 Double 0 0 ,First,#,C:\DRN-1\GIS_eGIS\Data\New File Geodatabase.gdb\Export_Output,OBJECTID,-1,-1;GEOID10 "GEOID10" true true false 11 Text 0 0 ,First,#,C:\DRN-1\GIS_eGIS\Data\New File Geodatabase.gdb\Export_Output,GEOID10,-1,-1;CT10 "CT10" true true false 6 Text 0 0 ,First,#,C:\DRN-1\GIS_eGIS\Data\New File Geodatabase.gdb\Export_Output,CT10,-1,-1;LABEL "LABEL" true true false 7 Text 0 0 ,First,#,C:\DRN-1\GIS_eGIS\Data\New File Geodatabase.gdb\Export_Output,LABEL,-1,-1;X_Center "X_Center" true true false 8 Double 0 0 ,First,#,C:\DRN-1\GIS_eGIS\Data\New File Geodatabase.gdb\Export_Output,X_Center,-1,-1;Y_Center "Y_Center" true true false 8 Double 0 0 ,First,#,C:\DRN-1\GIS_eGIS\Data\New File Geodatabase.gdb\Export_Output,Y_Center,-1,-1" #</Process><Process ToolSource="d:\program files (x86)\arcgis\desktop10.0\ArcToolbox\Toolboxes\Data Management Tools.tbx\CopyFeatures" Date="20120404" Time="184250" Name="" export="">CopyFeatures "Database Connections\Connection to 10.48.150.99 - eGIS as GIS_4all.sde\eGIS.EGIS.DEMOGRAPHIC\eGIS.EGIS.CENSUS_TRACTS_2010" "Database Connections\Connection to 10.48.150.252 - eGIS_Demographic.sde\eGIS_Demographic.EGIS.CENSUS_TRACTS_2010" # 0 0 0</Process><Process ToolSource="D:\Program Files (x86)\ArcGIS\Desktop10.0\ArcToolbox\Toolboxes\Data Management Tools.tbx\ChangePrivileges" Date="20120412" Time="150038" Name="" export="">ChangePrivileges 'Database Connections\Connection to 10.48.150.252 - eGIS_Demographic.sde\eGIS_Demographic.EGIS.BOS_REDISTRICTING_DEMOGRAPHIC_DATA_2011';'Database Connections\Connection to 10.48.150.252 - eGIS_Demographic.sde\eGIS_Demographic.EGIS.CENSUS_BLOCK_GROUPS_2000';'Database Connections\Connection to 10.48.150.252 - eGIS_Demographic.sde\eGIS_Demographic.EGIS.CENSUS_BLOCK_GROUPS_2010';'Database Connections\Connection to 10.48.150.252 - eGIS_Demographic.sde\eGIS_Demographic.EGIS.CENSUS_BLOCK_GROUPS_DATA_2010';'Database Connections\Connection to 10.48.150.252 - eGIS_Demographic.sde\eGIS_Demographic.EGIS.CENSUS_BLOCKS_2000';'Database Connections\Connection to 10.48.150.252 - eGIS_Demographic.sde\eGIS_Demographic.EGIS.CENSUS_BLOCKS_2010';'Database Connections\Connection to 10.48.150.252 - eGIS_Demographic.sde\eGIS_Demographic.EGIS.CENSUS_BLOCKS_DATA_2010';'Database Connections\Connection to 10.48.150.252 - eGIS_Demographic.sde\eGIS_Demographic.EGIS.CENSUS_TRACTS_1990';'Database Connections\Connection to 10.48.150.252 - eGIS_Demographic.sde\eGIS_Demographic.EGIS.CENSUS_TRACTS_2000';'Database Connections\Connection to 10.48.150.252 - eGIS_Demographic.sde\eGIS_Demographic.EGIS.CENSUS_TRACTS_2010';'Database Connections\Connection to 10.48.150.252 - eGIS_Demographic.sde\eGIS_Demographic.EGIS.CENSUS_TRACTS_DATA_2010';'Database Connections\Connection to 10.48.150.252 - eGIS_Demographic.sde\eGIS_Demographic.EGIS.DRP_STATISTICAL_AREAS_2000' egis_member GRANT #</Process><Process ToolSource="D:\Program Files (x86)\ArcGIS\Desktop10.0\ArcToolbox\Toolboxes\Data Management Tools.tbx\ChangePrivileges" Date="20120430" Time="125021" Name="" export="">ChangePrivileges 'Database Connections\Connection to 10.48.150.252 - eGIS_Demographic.sde\eGIS_Demographic.EGIS.CENSUS_TRACTS_DATA_2010';'Database Connections\Connection to 10.48.150.252 - eGIS_Demographic.sde\eGIS_DEMOGRAPHIC.EGIS.BOS_REDISTRICTING_DEMOGRAPHIC_DATA';'Database Connections\Connection to 10.48.150.252 - eGIS_Demographic.sde\eGIS_Demographic.EGIS.CENSUS_BLOCK_GROUPS_2000';'Database Connections\Connection to 10.48.150.252 - eGIS_Demographic.sde\eGIS_Demographic.EGIS.CENSUS_BLOCK_GROUPS_2010';'Database Connections\Connection to 10.48.150.252 - eGIS_Demographic.sde\eGIS_Demographic.EGIS.CENSUS_BLOCK_GROUPS_DATA_2010';'Database Connections\Connection to 10.48.150.252 - eGIS_Demographic.sde\eGIS_Demographic.EGIS.CENSUS_BLOCKS_2000';'Database Connections\Connection to 10.48.150.252 - eGIS_Demographic.sde\eGIS_Demographic.EGIS.CENSUS_BLOCKS_2010';'Database Connections\Connection to 10.48.150.252 - eGIS_Demographic.sde\eGIS_Demographic.EGIS.CENSUS_BLOCKS_DATA_2010';'Database Connections\Connection to 10.48.150.252 - eGIS_Demographic.sde\eGIS_Demographic.EGIS.CENSUS_TRACTS_1990';'Database Connections\Connection to 10.48.150.252 - eGIS_Demographic.sde\eGIS_Demographic.EGIS.CENSUS_TRACTS_2000';'Database Connections\Connection to 10.48.150.252 - eGIS_Demographic.sde\eGIS_Demographic.EGIS.CENSUS_TRACTS_2010' ISD GRANT GRANT</Process><Process ToolSource="C:\Program Files\ArcGIS\Desktop10.0\ArcToolbox\Toolboxes\Data Management Tools.tbx\ChangePrivileges" Date="20120521" Time="114150" Name="" export="">ChangePrivileges 'Database Connections\EGISDBP1 - eGIS_Demographic as eGIS.sde\eGIS_DEMOGRAPHIC.EGIS.BOS_REDISTRICTING_DEMOGRAPHIC_DATA';'Database Connections\EGISDBP1 - eGIS_Demographic as eGIS.sde\eGIS_Demographic.EGIS.CENSUS_BLOCK_GROUPS_2000';'Database Connections\EGISDBP1 - eGIS_Demographic as eGIS.sde\eGIS_Demographic.EGIS.CENSUS_BLOCK_GROUPS_2010';'Database Connections\EGISDBP1 - eGIS_Demographic as eGIS.sde\eGIS_Demographic.EGIS.CENSUS_BLOCK_GROUPS_DATA_2010';'Database Connections\EGISDBP1 - eGIS_Demographic as eGIS.sde\eGIS_Demographic.EGIS.CENSUS_BLOCKS_2000';'Database Connections\EGISDBP1 - eGIS_Demographic as eGIS.sde\eGIS_Demographic.EGIS.CENSUS_BLOCKS_2010';'Database Connections\EGISDBP1 - eGIS_Demographic as eGIS.sde\eGIS_Demographic.EGIS.CENSUS_BLOCKS_DATA_2010';'Database Connections\EGISDBP1 - eGIS_Demographic as eGIS.sde\eGIS_Demographic.EGIS.CENSUS_TRACTS_1990';'Database Connections\EGISDBP1 - eGIS_Demographic as eGIS.sde\eGIS_Demographic.EGIS.CENSUS_TRACTS_2000';'Database Connections\EGISDBP1 - eGIS_Demographic as eGIS.sde\eGIS_Demographic.EGIS.CENSUS_TRACTS_2010';'Database Connections\EGISDBP1 - eGIS_Demographic as eGIS.sde\eGIS_Demographic.EGIS.CENSUS_TRACTS_DATA_2010';'Database Connections\EGISDBP1 - eGIS_Demographic as eGIS.sde\eGIS_Demographic.EGIS.DRP_STATISTICAL_AREAS_2000' egis_member GRANT #</Process><Process ToolSource="c:\program files (x86)\arcgis\desktop10.2\ArcToolbox\Toolboxes\Data Management Tools.tbx\ChangePrivileges" Date="20150414" Time="190813" Name="" export="">ChangePrivileges 'Database Connections\eGIS_Demographic on EGISDBP1 as eGIS.sde\eGIS_Demographic.EGIS.EGIS_POVERTY_ESTIMATES_2013_RACE_CT10FIP10';'Database Connections\eGIS_Demographic on EGISDBP1 as eGIS.sde\eGIS_Demographic.EGIS.EGIS_POVERTY_ESTIMATES_2013_RACE_CT10';'Database Connections\eGIS_Demographic on EGISDBP1 as eGIS.sde\eGIS_Demographic.EGIS.EGIS_POVERTY_ESTIMATES_2012_RACE_CT10FIP10';'Database Connections\eGIS_Demographic on EGISDBP1 as eGIS.sde\eGIS_Demographic.EGIS.EGIS_POVERTY_ESTIMATES_2011_RACE_CT10FIP10';'Database Connections\eGIS_Demographic on EGISDBP1 as eGIS.sde\eGIS_Demographic.EGIS.EGIS_POVERTY_ESTIMATES_2010_RACE_CT10FIP10';'Database Connections\eGIS_Demographic on EGISDBP1 as eGIS.sde\eGIS_Demographic.EGIS.EGIS_POVERTY_ESTIMATES_2010_CT10FIP10';'Database Connections\eGIS_Demographic on EGISDBP1 as eGIS.sde\eGIS_Demographic.EGIS.EGIS_POPULATION_ESTIMATES_TREND_CT10';'Database Connections\eGIS_Demographic on EGISDBP1 as eGIS.sde\eGIS_Demographic.EGIS.EGIS_CT10FIP14';'Database Connections\eGIS_Demographic on EGISDBP1 as eGIS.sde\eGIS_Demographic.EGIS.EGIS_CT10FIP10';'Database Connections\eGIS_Demographic on EGISDBP1 as eGIS.sde\eGIS_Demographic.EGIS.EGIS_BG10FIP13_BASA';'Database Connections\eGIS_Demographic on EGISDBP1 as eGIS.sde\eGIS_Demographic.EGIS.DRP_STATISTICAL_AREAS_2000';'Database Connections\eGIS_Demographic on EGISDBP1 as eGIS.sde\eGIS_Demographic.EGIS.CENSUS_TRACTS_2010_Sex_By_Age';'Database Connections\eGIS_Demographic on EGISDBP1 as eGIS.sde\eGIS_Demographic.EGIS.CENSUS_TRACTS_2010_MEDHINC';'Database Connections\eGIS_Demographic on EGISDBP1 as eGIS.sde\eGIS_Demographic.EGIS.CENSUS_TRACTS_2010';'Database Connections\eGIS_Demographic on EGISDBP1 as eGIS.sde\eGIS_Demographic.EGIS.CENSUS_TRACTS_2000';'Database Connections\eGIS_Demographic on EGISDBP1 as eGIS.sde\eGIS_Demographic.EGIS.CENSUS_TRACTS_1990';'Database Connections\eGIS_Demographic on EGISDBP1 as eGIS.sde\eGIS_Demographic.EGIS.CENSUS_DESIGNATED_PLACES';'Database Connections\eGIS_Demographic on EGISDBP1 as eGIS.sde\eGIS_Demographic.EGIS.CENSUS_BLOCKS_2010_AGE';'Database Connections\eGIS_Demographic on EGISDBP1 as eGIS.sde\eGIS_Demographic.EGIS.CENSUS_BLOCKS_2010';'Database Connections\eGIS_Demographic on EGISDBP1 as eGIS.sde\eGIS_Demographic.EGIS.CENSUS_BLOCKS_2000';'Database Connections\eGIS_Demographic on EGISDBP1 as eGIS.sde\eGIS_Demographic.EGIS.CENSUS_BLOCK_GROUPS_2010';'Database Connections\eGIS_Demographic on EGISDBP1 as eGIS.sde\eGIS_Demographic.EGIS.CENSUS_BLOCK_GROUPS_2000';'Database Connections\eGIS_Demographic on EGISDBP1 as eGIS.sde\eGIS_Demographic.EGIS.BOS_REDISTRICTING_DEMOGRAPHIC_DATA' egis_member GRANT #</Process><Process ToolSource="c:\program files (x86)\arcgis\desktop10.3\ArcToolbox\Toolboxes\Data Management Tools.tbx\ChangePrivileges" Date="20150527" Time="103625" Name="" export="">ChangePrivileges 'Database Connections\eGIS_Demographic on EGISDBP1 as eGIS.sde\eGIS_Demographic.EGIS.CENSUS_BLOCK_GROUPS_2000';'Database Connections\eGIS_Demographic on EGISDBP1 as eGIS.sde\eGIS_Demographic.EGIS.CENSUS_BLOCK_GROUPS_2010';'Database Connections\eGIS_Demographic on EGISDBP1 as eGIS.sde\eGIS_Demographic.EGIS.CENSUS_BLOCKS_2000';'Database Connections\eGIS_Demographic on EGISDBP1 as eGIS.sde\eGIS_Demographic.EGIS.CENSUS_BLOCKS_2010';'Database Connections\eGIS_Demographic on EGISDBP1 as eGIS.sde\eGIS_Demographic.EGIS.CENSUS_BLOCKS_2010_AGE';'Database Connections\eGIS_Demographic on EGISDBP1 as eGIS.sde\eGIS_Demographic.EGIS.CENSUS_DESIGNATED_PLACES';'Database Connections\eGIS_Demographic on EGISDBP1 as eGIS.sde\eGIS_Demographic.EGIS.CENSUS_TRACTS_1990';'Database Connections\eGIS_Demographic on EGISDBP1 as eGIS.sde\eGIS_Demographic.EGIS.CENSUS_TRACTS_2000';'Database Connections\eGIS_Demographic on EGISDBP1 as eGIS.sde\eGIS_Demographic.EGIS.CENSUS_TRACTS_2010';'Database Connections\eGIS_Demographic on EGISDBP1 as eGIS.sde\eGIS_Demographic.EGIS.CENSUS_TRACTS_2010_MEDHINC';'Database Connections\eGIS_Demographic on EGISDBP1 as eGIS.sde\eGIS_Demographic.EGIS.CENSUS_TRACTS_2010_Sex_By_Age';'Database Connections\eGIS_Demographic on EGISDBP1 as eGIS.sde\eGIS_Demographic.EGIS.DRP_STATISTICAL_AREAS_2000';'Database Connections\eGIS_Demographic on EGISDBP1 as eGIS.sde\eGIS_Demographic.EGIS.EGIS_BG10FIP13_BASA';'Database Connections\eGIS_Demographic on EGISDBP1 as eGIS.sde\eGIS_Demographic.EGIS.EGIS_CT10FIP10';'Database Connections\eGIS_Demographic on EGISDBP1 as eGIS.sde\eGIS_Demographic.EGIS.EGIS_CT10FIP14';'Database Connections\eGIS_Demographic on EGISDBP1 as eGIS.sde\eGIS_Demographic.EGIS.BOS_REDISTRICTING_DEMOGRAPHIC_DATA' training GRANT #</Process><Process ToolSource="c:\program files (x86)\arcgis\desktop10.3\ArcToolbox\Toolboxes\Data Management Tools.tbx\ChangePrivileges" Date="20150609" Time="180828" Name="" export="">ChangePrivileges 'Database Connections\eGIS_Demographic on EGISDBP1 as eGIS.sde\eGIS_Demographic.EGIS.EGIS_CT10FIP14';'Database Connections\eGIS_Demographic on EGISDBP1 as eGIS.sde\eGIS_Demographic.EGIS.EGIS_CT10FIP10';'Database Connections\eGIS_Demographic on EGISDBP1 as eGIS.sde\eGIS_Demographic.EGIS.EGIS_BG10FIP13_BASA';'Database Connections\eGIS_Demographic on EGISDBP1 as eGIS.sde\eGIS_Demographic.EGIS.DRP_STATISTICAL_AREAS_2000';'Database Connections\eGIS_Demographic on EGISDBP1 as eGIS.sde\eGIS_Demographic.EGIS.CENSUS_TRACTS_2010_Sex_By_Age';'Database Connections\eGIS_Demographic on EGISDBP1 as eGIS.sde\eGIS_Demographic.EGIS.CENSUS_TRACTS_2010_MEDHINC';'Database Connections\eGIS_Demographic on EGISDBP1 as eGIS.sde\eGIS_Demographic.EGIS.CENSUS_TRACTS_2010';'Database Connections\eGIS_Demographic on EGISDBP1 as eGIS.sde\eGIS_Demographic.EGIS.CENSUS_TRACTS_2000';'Database Connections\eGIS_Demographic on EGISDBP1 as eGIS.sde\eGIS_Demographic.EGIS.CENSUS_TRACTS_1990';'Database Connections\eGIS_Demographic on EGISDBP1 as eGIS.sde\eGIS_Demographic.EGIS.CENSUS_DESIGNATED_PLACES';'Database Connections\eGIS_Demographic on EGISDBP1 as eGIS.sde\eGIS_Demographic.EGIS.CENSUS_BLOCKS_2010_AGE';'Database Connections\eGIS_Demographic on EGISDBP1 as eGIS.sde\eGIS_Demographic.EGIS.CENSUS_BLOCKS_2010';'Database Connections\eGIS_Demographic on EGISDBP1 as eGIS.sde\eGIS_Demographic.EGIS.CENSUS_BLOCKS_2000';'Database Connections\eGIS_Demographic on EGISDBP1 as eGIS.sde\eGIS_Demographic.EGIS.CENSUS_BLOCK_GROUPS_2010';'Database Connections\eGIS_Demographic on EGISDBP1 as eGIS.sde\eGIS_Demographic.EGIS.CENSUS_BLOCK_GROUPS_2000';'Database Connections\eGIS_Demographic on EGISDBP1 as eGIS.sde\eGIS_Demographic.EGIS.BOS_REDISTRICTING_DEMOGRAPHIC_DATA' cams_member GRANT #</Process><Process ToolSource="c:\program files (x86)\arcgis\desktop10.3\ArcToolbox\Toolboxes\Data Management Tools.tbx\ChangePrivileges" Date="20150721" Time="171248" Name="" export="">ChangePrivileges 'Database Connections\eGIS_Demographic on EGISDBP1 as eGIS.sde\eGIS_Demographic.EGIS.CENSUS_BLOCK_GROUPS_2000';'Database Connections\eGIS_Demographic on EGISDBP1 as eGIS.sde\eGIS_Demographic.EGIS.CENSUS_BLOCK_GROUPS_2010';'Database Connections\eGIS_Demographic on EGISDBP1 as eGIS.sde\eGIS_Demographic.EGIS.CENSUS_BLOCKS_2000';'Database Connections\eGIS_Demographic on EGISDBP1 as eGIS.sde\eGIS_Demographic.EGIS.CENSUS_BLOCKS_2010';'Database Connections\eGIS_Demographic on EGISDBP1 as eGIS.sde\eGIS_Demographic.EGIS.CENSUS_BLOCKS_2010_AGE';'Database Connections\eGIS_Demographic on EGISDBP1 as eGIS.sde\eGIS_Demographic.EGIS.CENSUS_DESIGNATED_PLACES';'Database Connections\eGIS_Demographic on EGISDBP1 as eGIS.sde\eGIS_Demographic.EGIS.CENSUS_TRACTS_1990';'Database Connections\eGIS_Demographic on EGISDBP1 as eGIS.sde\eGIS_Demographic.EGIS.CENSUS_TRACTS_2000';'Database Connections\eGIS_Demographic on EGISDBP1 as eGIS.sde\eGIS_Demographic.EGIS.CENSUS_TRACTS_2010';'Database Connections\eGIS_Demographic on EGISDBP1 as eGIS.sde\eGIS_Demographic.EGIS.CENSUS_TRACTS_2010_MEDHINC';'Database Connections\eGIS_Demographic on EGISDBP1 as eGIS.sde\eGIS_Demographic.EGIS.CENSUS_TRACTS_2010_Sex_By_Age';'Database Connections\eGIS_Demographic on EGISDBP1 as eGIS.sde\eGIS_Demographic.EGIS.DRP_STATISTICAL_AREAS_2000';'Database Connections\eGIS_Demographic on EGISDBP1 as eGIS.sde\eGIS_Demographic.EGIS.EGIS_BG10FIP13_BASA';'Database Connections\eGIS_Demographic on EGISDBP1 as eGIS.sde\eGIS_Demographic.EGIS.EGIS_CT10FIP10';'Database Connections\eGIS_Demographic on EGISDBP1 as eGIS.sde\eGIS_Demographic.EGIS.EGIS_CT10FIP14';'Database Connections\eGIS_Demographic on EGISDBP1 as eGIS.sde\eGIS_Demographic.EGIS.EGIS_POPULATION_ESTIMATES_TREND_CT10';'Database Connections\eGIS_Demographic on EGISDBP1 as eGIS.sde\eGIS_Demographic.EGIS.EGIS_POVERTY_ESTIMATES_2010_CT10FIP10';'Database Connections\eGIS_Demographic on EGISDBP1 as eGIS.sde\eGIS_Demographic.EGIS.EGIS_POVERTY_ESTIMATES_2010_RACE_CT10FIP10';'Database Connections\eGIS_Demographic on EGISDBP1 as eGIS.sde\eGIS_Demographic.EGIS.EGIS_POVERTY_ESTIMATES_2011_RACE_CT10FIP10';'Database Connections\eGIS_Demographic on EGISDBP1 as eGIS.sde\eGIS_Demographic.EGIS.EGIS_POVERTY_ESTIMATES_2012_RACE_CT10FIP10';'Database Connections\eGIS_Demographic on EGISDBP1 as eGIS.sde\eGIS_Demographic.EGIS.EGIS_POVERTY_ESTIMATES_2013_RACE_CT10';'Database Connections\eGIS_Demographic on EGISDBP1 as eGIS.sde\eGIS_Demographic.EGIS.EGIS_POVERTY_ESTIMATES_2013_RACE_CT10FIP10' ISD GRANT GRANT</Process><Process ToolSource="c:\program files\arcgis\pro\Resources\ArcToolbox\toolboxes\Data Management Tools.tbx\AddField" Date="20180525" Time="011201">AddField "CIMDATA=&lt;CIMStandardDataConnection xsi:type='typens:CIMStandardDataConnection' xmlns:xsi='http://www.w3.org/2001/XMLSchema-instance' xmlns:xs='http://www.w3.org/2001/XMLSchema' xmlns:typens='http://www.esri.com/schemas/ArcGIS/2.1.0'&gt;&lt;WorkspaceConnectionString&gt;DATABASE=F:\UCSB Fall 2017\CMPS 192\Data\Shapefiles\CENSUS_TRACTS_2010&lt;/WorkspaceConnectionString&gt;&lt;WorkspaceFactory&gt;Shapefile&lt;/WorkspaceFactory&gt;&lt;Dataset&gt;CENSUS_TRACTS_2010.shp&lt;/Dataset&gt;&lt;DatasetType&gt;esriDTAny&lt;/DatasetType&gt;&lt;/CIMStandardDataConnection&gt;" Black "Long (large integer)" # # # # NON_NULLABLE NON_REQUIRED #</Process><Process ToolSource="c:\program files\arcgis\pro\Resources\ArcToolbox\toolboxes\Data Management Tools.tbx\AddField" Date="20180525" Time="011201">AddField "CIMDATA=&lt;CIMStandardDataConnection xsi:type='typens:CIMStandardDataConnection' xmlns:xsi='http://www.w3.org/2001/XMLSchema-instance' xmlns:xs='http://www.w3.org/2001/XMLSchema' xmlns:typens='http://www.esri.com/schemas/ArcGIS/2.1.0'&gt;&lt;WorkspaceConnectionString&gt;DATABASE=F:\UCSB Fall 2017\CMPS 192\Data\Shapefiles\CENSUS_TRACTS_2010&lt;/WorkspaceConnectionString&gt;&lt;WorkspaceFactory&gt;Shapefile&lt;/WorkspaceFactory&gt;&lt;Dataset&gt;CENSUS_TRACTS_2010.shp&lt;/Dataset&gt;&lt;DatasetType&gt;esriDTAny&lt;/DatasetType&gt;&lt;/CIMStandardDataConnection&gt;" Field "Long (large integer)" # # # # NON_NULLABLE NON_REQUIRED #</Process><Process ToolSource="c:\program files\arcgis\pro\Resources\ArcToolbox\toolboxes\Data Management Tools.tbx\JoinField" Date="20180525" Time="151208">JoinField CENSUS_TRACTS_2010 GEOID10 CENSUS_2010_SF1_DATA GEOID10 #</Process></lineage></DataProperties><SyncDate>20170320</SyncDate><SyncTime>08572800</SyncTime><ModDate>20170320</ModDate><ModTime>08572800</ModTime><scaleRange><minScale>150000000</minScale><maxScale>5000</maxScale></scaleRange><ArcGISProfile>ItemDescription</ArcGISProfile></Esri><dataIdInfo><envirDesc Sync="TRUE">Microsoft Windows 7 Version 6.1 (Build 7601) Service Pack 1; Esri ArcGIS 10.4.1.5686</envirDesc><dataLang><languageCode value="eng" country="USA"/><countryCode value="USA" Sync="TRUE"/></dataLang><idCitation><resTitle Sync="FALSE">Census Tracts (2010)</resTitle><presForm><PresFormCd value="005"/></presForm></idCitation><descKeys><thesaName uuidref="723f6998-058e-11dc-8314-0800200c9a66"/><keyword Sync="TRUE">002</keyword></descKeys><spatRpType><SpatRepTypCd value="001"/></spatRpType><dataExt><geoEle xmlns=""><GeoBndBox esriExtentType="search"><westBL Sync="TRUE">-118.953520</westBL><eastBL Sync="TRUE">-117.644097</eastBL><northBL Sync="TRUE">34.823531</northBL><southBL Sync="TRUE">32.792286</southBL><exTypeCode Sync="TRUE">1</exTypeCode></GeoBndBox></geoEle></dataExt><idPurp>The Census Bureau (http://www.census.gov/) maintains geographic boundaries for the analysis and mapping of demographic information across the United States.  Every 10 years the Census Bureau counts the population of the United States as mandated by Constitution.  The Census Bureau releases the results of this county as demographic data with geographic identifiers so that maps and analysis can be performed on the US population.</idPurp><idAbs>&lt;DIV STYLE="text-align:Left;"&gt;&lt;DIV&gt;&lt;DIV&gt;&lt;P&gt;&lt;SPAN STYLE="font-weight:bold;"&gt;What is unique about LA County’s data?&lt;/SPAN&gt;&lt;/P&gt;&lt;P&gt;&lt;SPAN&gt;It is clipped to the ocean boundary. Raw Census data includes a 3 mile buffer into the ocean, which impacts cartography.&lt;/SPAN&gt;&lt;/P&gt;&lt;P&gt;&lt;SPAN STYLE="font-weight:bold;"&gt;IMPORTANT! &lt;/SPAN&gt;&lt;SPAN&gt;It has been updated to the 2012 Census Geography Update, which merged Tracts 1370.00 and 9304.01 into the combined tract 1370.00. So the CT10 field actually reflects the 2012 Census update, which is used for all population products 2012 and later.&lt;/SPAN&gt;&lt;/P&gt;&lt;P&gt;&lt;SPAN STYLE="font-weight:bold;"&gt;How was this data created?&lt;/SPAN&gt;&lt;/P&gt;&lt;P&gt;&lt;SPAN&gt;This data was downloaded from Census Bureau website: http://www.census.gov/cgi-bin/geo/shapefiles2010/file-download and clipped to the County Boundary using ESRI’s ArcGIS Desktop. Two new fields were added in census tract data – area in square feet and shape length in feet. This dataset has unique identifier field “GEOID10” for each record and the census tract number fields “CT10” and “LABEL” (6-digit number and 6-digit number with decimal point, respectively).&lt;/SPAN&gt;&lt;/P&gt;&lt;P&gt;&lt;SPAN /&gt;&lt;/P&gt;&lt;/DIV&gt;&lt;/DIV&gt;&lt;/DIV&gt;</idAbs><idCredit>Los Angeles County, US Census Bureau</idCredit><searchKeys><keyword>Census</keyword><keyword>Demographic</keyword><keyword>Demographics</keyword><keyword>Censu Tract</keyword></searchKeys><resConst><Consts><useLimit>&lt;DIV STYLE="text-align:Left;"&gt;&lt;DIV&gt;&lt;DIV&gt;&lt;P&gt;&lt;SPAN&gt;None&lt;/SPAN&gt;&lt;/P&gt;&lt;/DIV&gt;&lt;/DIV&gt;&lt;/DIV&gt;</useLimit></Consts></resConst></dataIdInfo><mdLang><languageCode value="eng"/><countryCode value="USA" Sync="TRUE"/></mdLang><distInfo><distFormat><formatName Sync="TRUE">SDE Feature Class</formatName></distFormat><distTranOps><transSize Sync="TRUE">0.000</transSize></distTranOps></distInfo><mdHrLv><ScopeCd value="005"/></mdHrLv><mdHrLvName Sync="TRUE">dataset</mdHrLvName><refSysInfo><RefSystem><refSysID><identCode code="2229"/><idCodeSpace Sync="TRUE">EPSG</idCodeSpace><idVersion Sync="TRUE">5.3(9.0.0)</idVersion></refSysID></RefSystem></refSysInfo><spatRepInfo><VectSpatRep><geometObjs Name="eGIS_Demographic.EGIS.CENSUS_TRACTS_2010"><geoObjTyp><GeoObjTypCd value="002" Sync="TRUE"/></geoObjTyp><geoObjCnt Sync="TRUE">2344</geoObjCnt></geometObjs><topLvl><TopoLevCd value="001" Sync="TRUE"/></topLvl></VectSpatRep></spatRepInfo><mdDateSt Sync="TRUE">20170320</mdDateSt><mdChar><CharSetCd value="004"/></mdChar></metadata>
